{"options":{},"indexes":[{"v":1,"key":{"_id":1},"name":"_id_","ns":"theideaofnorth2.guides"},{"v":1,"key":{"sortOrder":1},"name":"sortOrder_1","ns":"theideaofnorth2.guides","background":true},{"v":1,"unique":true,"key":{"key":1},"name":"key_1","ns":"theideaofnorth2.guides","background":true},{"v":1,"key":{"originId":1},"name":"originId_1","ns":"theideaofnorth2.guides","background":true},{"v":1,"key":{"eggId":1},"name":"eggId_1","ns":"theideaofnorth2.guides","background":true},{"v":1,"key":{"interviewId":1},"name":"interviewId_1","ns":"theideaofnorth2.guides","background":true}]}