{"options":{},"indexes":[{"v":1,"key":{"_id":1},"name":"_id_","ns":"theideaofnorth2.interviews"},{"v":1,"unique":true,"key":{"key":1},"name":"key_1","ns":"theideaofnorth2.interviews","background":true},{"v":1,"key":{"origin":1},"name":"origin_1","ns":"theideaofnorth2.interviews","background":true},{"v":1,"key":{"destination":1},"name":"destination_1","ns":"theideaofnorth2.interviews","background":true},{"v":1,"key":{"name":1},"name":"name_1","ns":"theideaofnorth2.interviews","background":true},{"v":1,"key":{"egg":1},"name":"egg_1","ns":"theideaofnorth2.interviews","background":true},{"v":1,"key":{"originId":1},"name":"originId_1","ns":"theideaofnorth2.interviews","background":true},{"v":1,"key":{"destinationId":1},"name":"destinationId_1","ns":"theideaofnorth2.interviews","background":true},{"v":1,"key":{"eggId":1},"name":"eggId_1","ns":"theideaofnorth2.interviews","background":true}]}